identifier,content_createUserEmail,content_content,content_languageCode,content_parentClass,content_modUserEmail,content_createDate,content_modDate,content_parentKey
100001,guest,<Text: \n<h2>Search</h2>\n\n<form id=\"searchForm\">\n    <input type=\"text\" id=\"qu...>,en,org.vosao.entity.PageEntity,system@vosao.org,Thu Mar 13 09:32:34 CET 2014,Thu Mar 13 09:32:58 CET 2014,40002
100011,system@vosao.org,<Text: <?xml version=\"1.0\" encoding=\"utf-8\"?>\n<content>\n<overview><![CDATA[<p...>,en,org.vosao.entity.PageEntity,system@vosao.org,Thu Mar 13 09:32:51 CET 2014,Thu Mar 13 09:32:51 CET 2014,40011
100013,system@vosao.org,<Text: <?xml version=\"1.0\" encoding=\"utf-8\"?>\n<content>\n<overview><![CDATA[<p...>,en,org.vosao.entity.PageEntity,system@vosao.org,Thu Mar 13 09:32:53 CET 2014,Thu Mar 13 09:32:53 CET 2014,40013
10011,system@vosao.org,<Text: <?xml version=\"1.0\" encoding=\"utf-8\"?>\n<content>\n<overview><![CDATA[<p...>,en,org.vosao.entity.PageEntity,system@vosao.org,Thu Mar 13 09:32:54 CET 2014,Thu Mar 13 09:32:54 CET 2014,80012
10012,system@vosao.org,<Text: <?xml version=\"1.0\" encoding=\"utf-8\"?>\n<content>\n<overview><![CDATA[<p...>,en,org.vosao.entity.PageEntity,system@vosao.org,Thu Mar 13 09:32:55 CET 2014,Thu Mar 13 09:32:55 CET 2014,80013
10013,system@vosao.org,<Text: <?xml version=\"1.0\" encoding=\"utf-8\"?>\n<content>\n<overview><![CDATA[<p...>,en,org.vosao.entity.PageEntity,system@vosao.org,Thu Mar 13 09:32:56 CET 2014,Thu Mar 13 09:32:56 CET 2014,80014
11,system@vosao.org,<Text: <h1>\n\tSupport</h1>\n<p>\n\tThis web site template is installed by default...>,en,org.vosao.entity.PageEntity,system@vosao.org,Thu Mar 13 09:32:59 CET 2014,Thu Mar 13 09:32:59 CET 2014,10014
120011,system@vosao.org,<Text: <?xml version=\"1.0\" encoding=\"utf-8\"?>\n<content>\n<overview><![CDATA[<d...>,en,org.vosao.entity.PageEntity,system@vosao.org,Thu Mar 13 09:32:53 CET 2014,Thu Mar 13 09:32:53 CET 2014,140007
130009,system@vosao.org,<Text: <?xml version=\"1.0\" encoding=\"utf-8\"?>\n<content>\n<overview><![CDATA[<p...>,en,org.vosao.entity.PageEntity,system@vosao.org,Thu Mar 13 09:32:54 CET 2014,Thu Mar 13 09:32:54 CET 2014,120013
130010,system@vosao.org,<Text: <?xml version=\"1.0\" encoding=\"utf-8\"?>\n<content>\n<overview><![CDATA[<p...>,en,org.vosao.entity.PageEntity,system@vosao.org,Thu Mar 13 09:32:55 CET 2014,Thu Mar 13 09:32:55 CET 2014,120014
130011,system@vosao.org,<Text: <?xml version=\"1.0\" encoding=\"utf-8\"?>\n<content>\n<overview><![CDATA[<p...>,en,org.vosao.entity.PageEntity,system@vosao.org,Thu Mar 13 09:32:56 CET 2014,Thu Mar 13 09:32:56 CET 2014,120015
130012,system@vosao.org,<Text: <?xml version=\"1.0\" encoding=\"utf-8\"?>\n<content>\n<overview><![CDATA[<p...>,en,org.vosao.entity.PageEntity,system@vosao.org,Thu Mar 13 09:32:57 CET 2014,Thu Mar 13 09:32:57 CET 2014,120016
140008,system@vosao.org,<Text: <?xml version=\"1.0\" encoding=\"utf-8\"?>\n<content>\n<overview><![CDATA[<p...>,en,org.vosao.entity.PageEntity,system@vosao.org,Thu Mar 13 09:32:54 CET 2014,Thu Mar 13 09:32:54 CET 2014,90008
30003,guest,<Text: <div id=\"login-form\">\n    <form>\n        <h3>Sign in with your site us...>,en,org.vosao.entity.PageEntity,system@vosao.org,Thu Mar 13 09:32:34 CET 2014,Thu Mar 13 09:32:58 CET 2014,20002
30008,system@vosao.org,<Text: #set ($startYear = 2010)\n#set ($endYear = $date.year)\n#set ($year = $d...>,en,org.vosao.entity.PageEntity,system@vosao.org,Thu Mar 13 09:32:59 CET 2014,Thu Mar 13 09:32:59 CET 2014,20010
50002,guest,<Text: <h1>Welcome to Vosao CMS default site!</h1>\n \n<p>This is a site root p...>,en,org.vosao.entity.PageEntity,system@vosao.org,Thu Mar 13 09:32:33 CET 2014,Thu Mar 13 09:33:00 CET 2014,30002
60010,system@vosao.org,<Text: <?xml version=\"1.0\" encoding=\"utf-8\"?>\n<content>\n<overview><![CDATA[<p...>,en,org.vosao.entity.PageEntity,system@vosao.org,Thu Mar 13 09:32:55 CET 2014,Thu Mar 13 09:32:55 CET 2014,50008
60011,system@vosao.org,<Text: <?xml version=\"1.0\" encoding=\"utf-8\"?>\n<content>\n<overview><![CDATA[<p...>,en,org.vosao.entity.PageEntity,system@vosao.org,Thu Mar 13 09:32:56 CET 2014,Thu Mar 13 09:32:56 CET 2014,50009
60012,system@vosao.org,<Text: <?xml version=\"1.0\" encoding=\"utf-8\"?>\n<content>\n<overview><![CDATA[<p...>,en,org.vosao.entity.PageEntity,system@vosao.org,Thu Mar 13 09:32:57 CET 2014,Thu Mar 13 09:32:57 CET 2014,50010
60013,system@vosao.org,<Text: <h1>\n\tAbout this site</h1>\n<p>\n\tThis is a Vosao CMS default web site. ...>,en,org.vosao.entity.PageEntity,system@vosao.org,Thu Mar 13 09:32:59 CET 2014,Thu Mar 13 09:32:59 CET 2014,50011
70013,system@vosao.org,<Text: ## Posts number on page\n#set ($count = 5)\n\n#set ($pageNum = 0)\n#set ($...>,en,org.vosao.entity.PageEntity,system@vosao.org,Thu Mar 13 09:33:00 CET 2014,Thu Mar 13 09:33:00 CET 2014,100019
80016,system@vosao.org,<Text: #set ($tags = $service.tag.getTree(\"blog\").children)\n#set ($tagId = $t...>,en,org.vosao.entity.PageEntity,system@vosao.org,Thu Mar 13 09:32:59 CET 2014,Thu Mar 13 09:32:59 CET 2014,70012
90012,system@vosao.org,<Text: <!-- sidebar -->\n<div id=\"sidebar\">\n\t<div class=\"about-me\">\n\t\t<h3>\n\t\t\t...>,en,org.vosao.entity.PageEntity,system@vosao.org,Thu Mar 13 09:32:59 CET 2014,Thu Mar 13 09:32:59 CET 2014,110009
