tags,createUserEmail,createDate,pageURL,key,modDate,modUserEmail
[130008L],system@vosao.org,2014-03-13T08:32:55,/blog/test-9,20007,2014-03-13T08:32:55,
[130008L],system@vosao.org,2014-03-13T08:32:56,/blog/test-6,20008,2014-03-13T08:32:56,
[130008L],system@vosao.org,2014-03-13T08:32:57,/blog/test-3,20009,2014-03-13T08:32:57,
"[140006L, 40010L]",system@vosao.org,2014-03-13T08:32:53,/blog/congratulations,40012,2014-03-13T08:32:53,
"[140006L, 120010L, 40010L, 130008L]",system@vosao.org,2014-03-13T08:32:52,/blog/aliquam-risus-justo,80010,2014-03-13T08:32:52,
"[140006L, 120010L]",system@vosao.org,2014-03-13T08:32:53,/blog/lorem-ipsum-dolor-sit-amet,80011,2014-03-13T08:32:53,
[130008L],system@vosao.org,2014-03-13T08:32:55,/blog/test-8,90009,2014-03-13T08:32:55,
[130008L],system@vosao.org,2014-03-13T08:32:56,/blog/test-5,90010,2014-03-13T08:32:56,
[130008L],system@vosao.org,2014-03-13T08:32:57,/blog/test-2,90011,2014-03-13T08:32:57,
[130008L],system@vosao.org,2014-03-13T08:32:54,/blog/test-10,100014,2014-03-13T08:32:54,
[130008L],system@vosao.org,2014-03-13T08:32:55,/blog/test-7,100015,2014-03-13T08:32:55,
[130008L],system@vosao.org,2014-03-13T08:32:56,/blog/test-4,100016,2014-03-13T08:32:56,
[130008L],system@vosao.org,2014-03-13T08:32:57,/blog/test--1,100017,2014-03-13T08:32:57,
