"Id","OwnerId","IsDeleted","Name","CreatedDate","CreatedById","LastModifiedDate","LastModifiedById","SystemModstamp","content_modUserEmail__c","content_parentClass__c","content_createUserEmail__c","content_createDate__c","content_languageCode__c","content_content__c","content_modDate__c","content_parentKey__c","ContentEntityidentifier__c"
"aA4G0000000KyjGKAS","005A0000000p3ZeIAI","0","aA4G0000000KyjG","2014-04-15 06:53:08","005A0000000p3ZeIAI","2014-04-15 06:53:08","005A0000000p3ZeIAI","2014-04-15 06:53:09","system@vosao.org","org.vosao.entity.PageEntity","system@vosao.org","Thu Mar 13 09:32:54 CET 2014","en","<Text: <?xml version=""1.0"" encoding=""utf-8""?> <content> <overview><![CDATA[<p...>","Thu Mar 13 09:32:54 CET 2014","120013","130009"
"aA4G0000000KyjHKAS","005A0000000p3ZeIAI","0","aA4G0000000KyjH","2014-04-15 06:53:08","005A0000000p3ZeIAI","2014-04-15 06:53:08","005A0000000p3ZeIAI","2014-04-15 06:53:09","system@vosao.org","org.vosao.entity.PageEntity","system@vosao.org","Thu Mar 13 09:32:53 CET 2014","en","<Text: <?xml version=""1.0"" encoding=""utf-8""?> <content> <overview><![CDATA[<d...>","Thu Mar 13 09:32:53 CET 2014","140007","120011"
"aA4G0000000KyjIKAS","005A0000000p3ZeIAI","0","aA4G0000000KyjI","2014-04-15 06:53:08","005A0000000p3ZeIAI","2014-04-15 06:53:08","005A0000000p3ZeIAI","2014-04-15 06:53:09","system@vosao.org","org.vosao.entity.PageEntity","system@vosao.org","Thu Mar 13 09:33:00 CET 2014","en","<Text: ## Posts number on page #set ($count = 5)  #set ($pageNum = 0) #set ($...>","Thu Mar 13 09:33:00 CET 2014","100019","70013"
"aA4G0000000KyjJKAS","005A0000000p3ZeIAI","0","aA4G0000000KyjJ","2014-04-15 06:53:08","005A0000000p3ZeIAI","2014-04-15 06:53:08","005A0000000p3ZeIAI","2014-04-15 06:53:09","system@vosao.org","org.vosao.entity.PageEntity","guest","Thu Mar 13 09:32:34 CET 2014","en","<Text: <div id=""login-form"">     <form>         <h3>Sign in with your site us...>","Thu Mar 13 09:32:58 CET 2014","20002","30003"
"aA4G0000000KyjKKAS","005A0000000p3ZeIAI","0","aA4G0000000KyjK","2014-04-15 06:53:08","005A0000000p3ZeIAI","2014-04-15 06:53:08","005A0000000p3ZeIAI","2014-04-15 06:53:09","system@vosao.org","org.vosao.entity.PageEntity","system@vosao.org","Thu Mar 13 09:32:56 CET 2014","en","<Text: <?xml version=""1.0"" encoding=""utf-8""?> <content> <overview><![CDATA[<p...>","Thu Mar 13 09:32:56 CET 2014","80014","10013"
"aA4G0000000KyjLKAS","005A0000000p3ZeIAI","0","aA4G0000000KyjL","2014-04-15 06:53:08","005A0000000p3ZeIAI","2014-04-15 06:53:08","005A0000000p3ZeIAI","2014-04-15 06:53:09","system@vosao.org","org.vosao.entity.PageEntity","guest","Thu Mar 13 09:32:34 CET 2014","en","<Text:  <h2>Search</h2>  <form id=""searchForm"">     <input type=""text"" id=""qu...>","Thu Mar 13 09:32:58 CET 2014","40002","100001"
"aA4G0000000KyjMKAS","005A0000000p3ZeIAI","0","aA4G0000000KyjM","2014-04-15 06:53:08","005A0000000p3ZeIAI","2014-04-15 06:53:08","005A0000000p3ZeIAI","2014-04-15 06:53:09","system@vosao.org","org.vosao.entity.PageEntity","system@vosao.org","Thu Mar 13 09:32:59 CET 2014","en","<Text: #set ($tags = $service.tag.getTree(""blog"").children) #set ($tagId = $t...>","Thu Mar 13 09:32:59 CET 2014","70012","80016"
"aA4G0000000KyjNKAS","005A0000000p3ZeIAI","0","aA4G0000000KyjN","2014-04-15 06:53:08","005A0000000p3ZeIAI","2014-04-15 06:53:08","005A0000000p3ZeIAI","2014-04-15 06:53:09","system@vosao.org","org.vosao.entity.PageEntity","system@vosao.org","Thu Mar 13 09:32:59 CET 2014","en","<Text: #set ($startYear = 2010) #set ($endYear = $date.year) #set ($year = $d...>","Thu Mar 13 09:32:59 CET 2014","20010","30008"
"aA4G0000000KyjOKAS","005A0000000p3ZeIAI","0","aA4G0000000KyjO","2014-04-15 06:53:08","005A0000000p3ZeIAI","2014-04-15 06:53:08","005A0000000p3ZeIAI","2014-04-15 06:53:09","system@vosao.org","org.vosao.entity.PageEntity","system@vosao.org","Thu Mar 13 09:32:55 CET 2014","en","<Text: <?xml version=""1.0"" encoding=""utf-8""?> <content> <overview><![CDATA[<p...>","Thu Mar 13 09:32:55 CET 2014","80013","10012"
"aA4G0000000KyjPKAS","005A0000000p3ZeIAI","0","aA4G0000000KyjP","2014-04-15 06:53:08","005A0000000p3ZeIAI","2014-04-15 06:53:08","005A0000000p3ZeIAI","2014-04-15 06:53:09","system@vosao.org","org.vosao.entity.PageEntity","system@vosao.org","Thu Mar 13 09:32:53 CET 2014","en","<Text: <?xml version=""1.0"" encoding=""utf-8""?> <content> <overview><![CDATA[<p...>","Thu Mar 13 09:32:53 CET 2014","40013","100013"
"aA4G0000000KyjQKAS","005A0000000p3ZeIAI","0","aA4G0000000KyjQ","2014-04-15 06:53:08","005A0000000p3ZeIAI","2014-04-15 06:53:08","005A0000000p3ZeIAI","2014-04-15 06:53:09","system@vosao.org","org.vosao.entity.PageEntity","system@vosao.org","Thu Mar 13 09:32:59 CET 2014","en","<Text: <!-- sidebar --> <div id=""sidebar""> 	<div class=""about-me""> 		<h3> 			...>","Thu Mar 13 09:32:59 CET 2014","110009","90012"
"aA4G0000000KyjRKAS","005A0000000p3ZeIAI","0","aA4G0000000KyjR","2014-04-15 06:53:08","005A0000000p3ZeIAI","2014-04-15 06:53:08","005A0000000p3ZeIAI","2014-04-15 06:53:09","system@vosao.org","org.vosao.entity.PageEntity","system@vosao.org","Thu Mar 13 09:32:57 CET 2014","en","<Text: <?xml version=""1.0"" encoding=""utf-8""?> <content> <overview><![CDATA[<p...>","Thu Mar 13 09:32:57 CET 2014","50010","60012"
"aA4G0000000KyjSKAS","005A0000000p3ZeIAI","0","aA4G0000000KyjS","2014-04-15 06:53:08","005A0000000p3ZeIAI","2014-04-15 06:53:08","005A0000000p3ZeIAI","2014-04-15 06:53:09","system@vosao.org","org.vosao.entity.PageEntity","guest","Thu Mar 13 09:32:33 CET 2014","en","<Text: <h1>Welcome to Vosao CMS default site!</h1>   <p>This is a site root p...>","Thu Mar 13 09:33:00 CET 2014","30002","50002"
"aA4G0000000KyjTKAS","005A0000000p3ZeIAI","0","aA4G0000000KyjT","2014-04-15 06:53:08","005A0000000p3ZeIAI","2014-04-15 06:53:08","005A0000000p3ZeIAI","2014-04-15 06:53:09","system@vosao.org","org.vosao.entity.PageEntity","system@vosao.org","Thu Mar 13 09:32:51 CET 2014","en","<Text: <?xml version=""1.0"" encoding=""utf-8""?> <content> <overview><![CDATA[<p...>","Thu Mar 13 09:32:51 CET 2014","40011","100011"
"aA4G0000000KyjUKAS","005A0000000p3ZeIAI","0","aA4G0000000KyjU","2014-04-15 06:53:08","005A0000000p3ZeIAI","2014-04-15 06:53:08","005A0000000p3ZeIAI","2014-04-15 06:53:09","system@vosao.org","org.vosao.entity.PageEntity","system@vosao.org","Thu Mar 13 09:32:56 CET 2014","en","<Text: <?xml version=""1.0"" encoding=""utf-8""?> <content> <overview><![CDATA[<p...>","Thu Mar 13 09:32:56 CET 2014","50009","60011"
"aA4G0000000KyjVKAS","005A0000000p3ZeIAI","0","aA4G0000000KyjV","2014-04-15 06:53:08","005A0000000p3ZeIAI","2014-04-15 06:53:08","005A0000000p3ZeIAI","2014-04-15 06:53:09","system@vosao.org","org.vosao.entity.PageEntity","system@vosao.org","Thu Mar 13 09:32:55 CET 2014","en","<Text: <?xml version=""1.0"" encoding=""utf-8""?> <content> <overview><![CDATA[<p...>","Thu Mar 13 09:32:55 CET 2014","120014","130010"
"aA4G0000000KyjWKAS","005A0000000p3ZeIAI","0","aA4G0000000KyjW","2014-04-15 06:53:08","005A0000000p3ZeIAI","2014-04-15 06:53:08","005A0000000p3ZeIAI","2014-04-15 06:53:09","system@vosao.org","org.vosao.entity.PageEntity","system@vosao.org","Thu Mar 13 09:32:59 CET 2014","en","<Text: <h1> 	About this site</h1> <p> 	This is a Vosao CMS default web site. ...>","Thu Mar 13 09:32:59 CET 2014","50011","60013"
"aA4G0000000KyjXKAS","005A0000000p3ZeIAI","0","aA4G0000000KyjX","2014-04-15 06:53:08","005A0000000p3ZeIAI","2014-04-15 06:53:08","005A0000000p3ZeIAI","2014-04-15 06:53:09","system@vosao.org","org.vosao.entity.PageEntity","system@vosao.org","Thu Mar 13 09:32:57 CET 2014","en","<Text: <?xml version=""1.0"" encoding=""utf-8""?> <content> <overview><![CDATA[<p...>","Thu Mar 13 09:32:57 CET 2014","120016","130012"
"aA4G0000000KyjYKAS","005A0000000p3ZeIAI","0","aA4G0000000KyjY","2014-04-15 06:53:08","005A0000000p3ZeIAI","2014-04-15 06:53:08","005A0000000p3ZeIAI","2014-04-15 06:53:09","system@vosao.org","org.vosao.entity.PageEntity","system@vosao.org","Thu Mar 13 09:32:54 CET 2014","en","<Text: <?xml version=""1.0"" encoding=""utf-8""?> <content> <overview><![CDATA[<p...>","Thu Mar 13 09:32:54 CET 2014","80012","10011"
"aA4G0000000KyjZKAS","005A0000000p3ZeIAI","0","aA4G0000000KyjZ","2014-04-15 06:53:08","005A0000000p3ZeIAI","2014-04-15 06:53:08","005A0000000p3ZeIAI","2014-04-15 06:53:09","system@vosao.org","org.vosao.entity.PageEntity","system@vosao.org","Thu Mar 13 09:32:56 CET 2014","en","<Text: <?xml version=""1.0"" encoding=""utf-8""?> <content> <overview><![CDATA[<p...>","Thu Mar 13 09:32:56 CET 2014","120015","130011"
"aA4G0000000KyjaKAC","005A0000000p3ZeIAI","0","aA4G0000000Kyja","2014-04-15 06:53:08","005A0000000p3ZeIAI","2014-04-15 06:53:08","005A0000000p3ZeIAI","2014-04-15 06:53:09","system@vosao.org","org.vosao.entity.PageEntity","system@vosao.org","Thu Mar 13 09:32:59 CET 2014","en","<Text: <h1> 	Support</h1> <p> 	This web site template is installed by default...>","Thu Mar 13 09:32:59 CET 2014","10014","11"
"aA4G0000000KyjbKAC","005A0000000p3ZeIAI","0","aA4G0000000Kyjb","2014-04-15 06:53:08","005A0000000p3ZeIAI","2014-04-15 06:53:08","005A0000000p3ZeIAI","2014-04-15 06:53:09","system@vosao.org","org.vosao.entity.PageEntity","system@vosao.org","Thu Mar 13 09:32:55 CET 2014","en","<Text: <?xml version=""1.0"" encoding=""utf-8""?> <content> <overview><![CDATA[<p...>","Thu Mar 13 09:32:55 CET 2014","50008","60010"
"aA4G0000000KyjcKAC","005A0000000p3ZeIAI","0","aA4G0000000Kyjc","2014-04-15 06:53:08","005A0000000p3ZeIAI","2014-04-15 06:53:08","005A0000000p3ZeIAI","2014-04-15 06:53:09","system@vosao.org","org.vosao.entity.PageEntity","system@vosao.org","Thu Mar 13 09:32:54 CET 2014","en","<Text: <?xml version=""1.0"" encoding=""utf-8""?> <content> <overview><![CDATA[<p...>","Thu Mar 13 09:32:54 CET 2014","90008","140008"
